a	dt
appge	pn
at	dt
at1	dt
bcl	xx
cc	kn
ccb	kn
cs	sn
csa	sn
csn	sn
cst	sn
csw	sn
d	dt
da	dt
da1	dt
da2	dt
dar	dt
dat	dt
db	dt
db2	dt
dd	dt
dd1	dt
dd2	dt
ddq	hd
ddqge	hd
ddqv	hd
ex	xx
fo	xx
fu	xx
fw	ud
ge	xx
i	pp
if	pp
ii	pp
io	pp
iw	pp
j	jj
jj	jj
jjr	jj
jjt	jj
jk	jj
m	rg
m#	rg
m$	rg
m1	rg
mc	rg
mc1	rg
mc2	rg
mcge	rg
mcmc	rg
md	ro
mf	rg
n	nn
nd1	nn
nn	nn
nn1	nn
nn2	nn
nna	nn
nnb	nn
nnl1	nn
nnl2	nn
nno	nn
nno2	nn
nnt1	nn
nnt2	nn
nnu	nn
nnu1	nn
nnu2	nn
np	pm
np1	pm
np2	pm
npd1	pm
npd2	pm
npm1	pm
npm2	pm
npx	pm
p	pn
pn	pn
pn1	pn
pnqo	pn
pnqs	pn
pnqv	pn
pnx1	pn
ppge	pn
pph1	pn
ppho1	pn
ppho2	pn
pphs1	pn
pphs2	pn
ppio1	pn
ppio2	pn
ppis1	pn
ppis2	pn
ppx1	pn
ppx2	pn
ppy	pn
ra	ab
rex	ab
rg	ab
rgq	ab
rgqv	ab
rgr	ab
rgt	ab
rl	ab
rp	ab
rpk	ab
rr	ab
rrq	ab
rrqv	ab
rrr	ab
rrt	ab
rt	ab
to	ie
u	in
uh	in
v	vb
vb0	vb
vbdr	vb
vbdz	vb
vbg	vb
vbi	vb
vbm	vb
vbn	vb
vbr	vb
vbz	vb
vd	vb
vd0	vb
vdd	vb
vdg	vb
vdi	vb
vdn	vb
vdz	vb
vh0	vb
vhd	vb
vhg	vb
vhi	vb
vhn	vb
vhz	vb
vm	vb
vmk	vb
vv0	vb
vvd	vb
vvg	pc
vvgk	pc
vvi	vb
vvn	pc
vvnk	pc
vvz	vb
xx	xx
zz1	xx
zz2	xx
